6949245,Jimmy,Herzog,Female,08/11/1968,12549,Bolivia
4624813,Lelah,Hickle,Female,06/07/1998,14851,Peru
3717743,Marc,Gleason,Female,01/12/1983,53232,Peru
2548361,Marietta,Wuckert,Female,28/08/1965,14851,Uruguay
2325975,Amir,Paucek,Female,08/03/1986,27117,Paraguay
7036546,Abbigail,Roberts,Female,28/01/1994,40847,Ecuador
1998306,Edyth,Marquardt,Female,19/04/1976,27117,Colombia
3346114,Heath,Deckow,Female,07/12/1998,12549,Peru
6591763,Eileen,Hand,Female,15/02/1979,40847,Chile
1472126,Melyna,Jakubowski,Female,07/09/1985,53232,Paraguay
3511711,Dora,Schulist,Female,12/02/1997,27117,Paraguay
9652983,Jazmyne,Harber,Female,30/06/1970,27117,Brazil
6941138,Augustine,Turner,Female,28/11/1985,12549,Brazil
7443055,Daphney,Will,Female,30/03/1991,14851,Chile
6711937,Waylon,Borer,Female,16/05/1998,14851,Uruguay
8854326,Eugene,Strosin,Female,01/03/1986,14851,Argentina
4044753,Leonora,Carroll,Female,08/10/1961,27117,Paraguay
8517686,Nettie,Gottlieb,Female,07/06/1975,12549,Argentina
3648091,Eliseo,Gleichner,Female,06/07/1968,14851,Paraguay
4302819,Mandy,Murphy,Female,12/11/1977,40847,Colombia
1896473,Darrell,Bahringer,Female,22/10/1993,53232,Peru
4178872,Malcolm,Adams,Female,29/11/1976,27117,Brazil
9667446,Giovanny,Fisher,Female,28/09/1997,14851,Uruguay
7217858,Bria,Keebler,Female,30/06/1973,40847,Argentina
9346629,Taya,Gutmann,Female,25/10/1992,40847,Colombia
5568176,Henriette,Willms,Female,01/02/1970,14851,Uruguay
6145818,Kacey,Hirthe,Female,08/03/1991,40847,Chile
4388845,Adrien,Wolf,Female,07/02/1984,14851,Ecuador
9079699,Lurline,Hoeger,Female,08/01/1986,27117,Chile
7030187,Emmie,Leffler,Female,15/11/1976,40847,Paraguay
4298401,Tia,Conroy,Female,04/04/1962,12549,Peru
1761724,Erin,Kilback,Female,28/08/1976,12549,Bolivia
3124140,Caleigh,Cummerata,Female,27/06/1969,12549,Ecuador
8926840,Blake,Huel,Female,19/07/1962,27117,Colombia
2566964,Maida,Grady,Female,31/07/1994,12549,Bolivia
2029735,Brent,Goldner,Female,11/10/1968,53232,Uruguay
2155245,Lysanne,Gislason,Female,09/04/1983,27117,Uruguay
5951415,Alexanne,Pouros,Female,18/05/1973,40847,Uruguay
5292219,Brycen,Brown,Female,13/10/1994,14851,Brazil
7717106,Trevion,Goldner,Female,06/12/1961,12549,Argentina
3846826,Victoria,Ward,Female,16/12/1970,27117,Argentina
3309055,Aditya,Labadie,Female,20/04/1964,27117,Chile
6108980,Alva,Sawayn,Female,27/09/1969,53232,Chile
2512819,Blaise,Wunsch,Female,30/03/1964,27117,Paraguay
3763980,Rachel,Lueilwitz,Female,14/09/1984,40847,Uruguay
8617822,Darrel,Pacocha,Female,16/09/1980,12549,Argentina
3649486,Marisol,Hoeger,Female,27/01/1993,14851,Argentina
1718334,Christop,Satterfield,Female,10/02/1965,14851,Peru
6834568,Sylvia,Kreiger,Female,01/12/1982,14851,Uruguay
2225436,Elouise,Yost,Female,25/11/1974,14851,Peru
2529963,Cecile,Cruickshank,Female,22/06/1986,27117,Colombia
8235601,Al,Reilly,Female,07/12/1988,14851,Brazil
2775501,Anna,Gleichner,Female,15/07/1968,53232,Paraguay
4999871,Caitlyn,Balistreri,Female,05/11/1960,12549,Bolivia
9774465,Golden,McClure,Female,22/09/1973,12549,Chile
7314792,Erling,Bahringer,Female,10/07/1985,53232,Peru
8747278,Alisa,Carroll,Female,27/12/1997,53232,Argentina
8127776,Patrick,Vandervort,Female,10/12/1985,12549,Peru
5303743,Fritz,Abernathy,Female,02/02/1960,27117,Colombia
7624323,Carlos,OHara,Female,16/03/1981,12549,Colombia
6381619,Javier,Robel,Female,28/08/1986,40847,Chile
5476682,Kirsten,Bruen,Female,18/05/1963,53232,Brazil
6930315,Danyka,Weissnat,Female,30/01/1975,14851,Argentina
1584241,Selina,Pollich,Female,21/10/1995,12549,Brazil
3932116,Casimer,Mueller,Female,18/10/1978,53232,Brazil
1782866,Jewel,OKeefe,Female,09/07/1972,27117,Colombia
2462509,Annamarie,Howell,Female,25/05/1982,40847,Brazil
3570525,Delfina,Ortiz,Female,08/07/1967,14851,Colombia
1761576,Yasmin,Waelchi,Female,05/04/1962,12549,Argentina
5382035,Eloise,Strosin,Female,10/04/1967,40847,Peru
4454499,Alberto,Kub,Female,07/10/1985,27117,Uruguay
6346165,Abdullah,Heller,Female,01/05/1976,14851,Argentina
9909961,Gabriel,Koelpin,Female,18/06/1973,53232,Colombia
5376277,Elouise,Barton,Female,09/08/1995,14851,Peru
4121504,Vern,Mante,Female,14/08/1970,12549,Chile
6025155,Damion,Dach,Female,22/06/1992,53232,Ecuador
9062179,Mylene,Bartell,Female,02/09/1991,12549,Peru
5874223,Price,Brakus,Female,11/03/1960,27117,Chile
2520095,Loyce,Farrell,Female,07/03/1988,14851,Colombia
4841246,Myriam,Marquardt,Female,21/08/1994,12549,Colombia
1718860,Dax,Bergnaum,Female,07/02/1981,14851,Argentina
7161608,Garett,Wiegand,Female,02/01/1995,27117,Bolivia
7436627,Armand,Hoeger,Female,25/02/1985,12549,Ecuador
3448083,Brandi,Farrell,Female,09/04/1984,12549,Argentina
6077237,Jazmyn,Hagenes,Female,19/12/1963,14851,Peru
1984602,Alexie,Jaskolski,Female,27/10/1991,27117,Ecuador
5174757,Sunny,Bogisich,Female,30/06/1973,40847,Chile
8614182,Kacey,Robel,Female,02/02/1996,27117,Paraguay
3696575,Noe,Konopelski,Female,04/03/1972,12549,Ecuador
1725254,Viva,Wiza,Female,20/04/1992,12549,Peru
5694356,Josh,Kling,Female,04/03/1990,14851,Brazil
7530062,Clifford,Hodkiewicz,Female,28/04/1960,14851,Peru
3281684,Arch,Ortiz,Female,23/08/1973,14851,Paraguay
7563199,Colin,Feil,Female,29/01/1980,53232,Peru
1628671,Jennie,Stamm,Female,14/07/1981,53232,Brazil
3296652,Ida,Monahan,Female,16/12/1962,27117,Paraguay
